,0
0,https://place.map.kakao.com/989952170
1,https://place.map.kakao.com/1948567196
2,https://place.map.kakao.com/1906613068
3,https://place.map.kakao.com/1430626442
4,https://place.map.kakao.com/27341372
5,https://place.map.kakao.com/566095223
6,https://place.map.kakao.com/837425051
7,https://place.map.kakao.com/884240266
8,https://place.map.kakao.com/1991760769
9,https://place.map.kakao.com/1555839020
10,https://place.map.kakao.com/984606764
11,https://place.map.kakao.com/12496452
12,https://place.map.kakao.com/2045473349
13,https://place.map.kakao.com/1412061904
14,https://place.map.kakao.com/1735979773
15,https://place.map.kakao.com/327572889
16,https://place.map.kakao.com/11139940
17,https://place.map.kakao.com/883576897
18,https://place.map.kakao.com/1850145396
19,https://place.map.kakao.com/19745904
20,https://place.map.kakao.com/10339901
21,https://place.map.kakao.com/19895455
22,https://place.map.kakao.com/27387668
23,https://place.map.kakao.com/14581671
24,https://place.map.kakao.com/12685029
25,https://place.map.kakao.com/17807372
26,https://place.map.kakao.com/633665229
27,https://place.map.kakao.com/1700601982
28,https://place.map.kakao.com/972557201
29,https://place.map.kakao.com/67397270
30,https://place.map.kakao.com/19927416
31,https://place.map.kakao.com/25918917
32,https://place.map.kakao.com/841035429
33,https://place.map.kakao.com/339161196
34,https://place.map.kakao.com/9444337
35,https://place.map.kakao.com/1210079757
36,https://place.map.kakao.com/10071641
37,https://place.map.kakao.com/1320468132
38,https://place.map.kakao.com/24855262
39,https://place.map.kakao.com/1526356316
40,https://place.map.kakao.com/27364392
41,https://place.map.kakao.com/21975385
42,https://place.map.kakao.com/705283413
43,https://place.map.kakao.com/26916328
44,https://place.map.kakao.com/706509856
45,https://place.map.kakao.com/27508148
46,https://place.map.kakao.com/1402725018
47,https://place.map.kakao.com/16205672
48,https://place.map.kakao.com/757640367
49,https://place.map.kakao.com/2044380461
50,https://place.map.kakao.com/12425634
51,https://place.map.kakao.com/21087438
52,https://place.map.kakao.com/26952237
53,https://place.map.kakao.com/1728531563
54,https://place.map.kakao.com/339439667
